timestamp,backlog,drops,overlimits,congestion
2025-07-16T05:42:55.088894,0,31601,2905824,1
2025-07-16T05:43:25.227823,0,31601,2905824,1
2025-07-16T05:43:55.207262,0,31601,2905824,1
2025-07-16T05:44:25.202958,0,31601,2905824,1
2025-07-16T05:44:55.322430,0,31601,2905824,1
2025-07-16T06:13:28.871371,0,31601,2905824,1
2025-07-16T06:13:58.888175,0,31601,2905824,1
2025-07-16T06:14:29.434447,0,31601,2905824,1
2025-07-16T06:14:59.411137,0,31601,2906887,1
2025-07-16T06:15:25.410449,0,31601,2908837,1
2025-07-16T06:15:29.455004,0,31601,2909112,1
2025-07-16T06:15:50.686168,0,31601,2910669,1
2025-07-16T06:15:50.757593,0,31601,2910669,1
2025-07-16T06:16:20.601710,0,31601,2919081,1
2025-07-16T06:16:50.645737,0,31601,2920980,1
2025-07-16T06:17:20.690310,0,31601,2929013,1
2025-07-16T06:17:50.655679,0,31601,2931399,1
2025-07-16T06:18:20.716989,0,31601,2933715,1
2025-07-16T06:18:50.690464,0,31601,2936210,1
2025-07-16T06:19:20.755487,0,31601,2938542,1
2025-07-16T06:19:50.771699,0,31601,2949688,1
2025-07-16T06:20:20.803799,0,31601,2952044,1
2025-07-16T06:20:50.786305,0,31601,2954300,1
2025-07-16T06:21:20.781591,0,31601,2956542,1
2025-07-16T06:21:50.920144,0,31601,2958758,1
2025-07-16T06:22:20.946896,0,31601,2961183,1
2025-07-16T06:22:50.992931,0,31601,2963500,1
2025-07-16T06:23:21.007610,0,31601,2965933,1
2025-07-16T06:23:51.047482,0,31601,2977638,1
2025-07-16T06:24:21.088366,0,31601,2980000,1
2025-07-16T06:24:51.114702,0,31601,2982356,1
2025-07-16T06:25:21.092992,0,31601,2984718,1
2025-07-16T06:25:51.196759,0,31601,2987082,1
2025-07-16T06:26:21.242274,0,31601,2989520,1
2025-07-16T06:26:51.273023,0,31601,2992002,1
2025-07-16T06:27:21.303159,0,31601,2994473,1
2025-07-16T06:27:51.334590,0,31601,2996931,1
2025-07-16T06:28:21.343276,0,31601,3007153,1
2025-07-16T06:28:51.340828,0,31601,3009462,1
2025-07-16T06:29:21.384261,0,31601,3011694,1
2025-07-16T06:29:52.889306,0,31601,3014073,1
2025-07-16T06:30:22.897586,0,31601,3021640,1
2025-07-16T06:30:52.913868,0,31601,3023832,1
2025-07-16T06:31:23.206235,0,31601,3026202,1
2025-07-16T06:31:53.733948,0,31601,3028596,1
2025-07-16T06:32:23.611150,0,31601,3030570,1
2025-07-16T06:32:53.643963,0,31601,3032375,1
2025-07-16T06:33:23.643115,0,31601,3034400,1
2025-07-16T06:33:40.336664,0,31601,3035608,1
2025-07-16T06:33:40.338356,0,31601,3035608,1
2025-07-16T06:34:10.838908,0,31601,3044245,1
2025-07-16T06:34:40.891403,0,31601,3046495,1
2025-07-16T06:35:10.793653,0,31601,3048912,1
2025-07-16T06:35:40.871531,0,31601,3051070,1
2025-07-16T06:36:10.882652,0,31601,3060158,1
2025-07-16T06:36:42.946669,0,31601,3062508,1
2025-07-16T06:37:12.888955,0,31601,3064545,1
2025-07-16T06:37:43.004311,0,31601,3066977,1
2025-07-16T06:38:12.969848,0,31601,3069158,1
2025-07-16T06:38:42.963391,8894,31601,3071578,1
2025-07-16T06:39:12.950999,0,31601,3079939,1
2025-07-16T06:39:42.937423,0,31601,3082175,1
2025-07-16T07:22:54.229591,0,31601,3267621,1
2025-07-16T07:22:54.230523,0,31601,3267641,1
2025-07-16T07:23:17.729041,0,31601,3269737,1
2025-07-16T07:23:47.972008,0,31601,3280389,1
2025-07-16T07:24:19.337946,6248,31601,3282646,1
2025-07-16T07:24:49.293579,0,31601,3292625,1
2025-07-16T07:25:19.358718,0,31601,3312648,1
2025-07-16T07:25:49.289880,0,31601,3320585,1
2025-07-16T07:26:20.134415,0,31601,3322991,1
2025-07-16T07:26:50.170672,0,31601,3332065,1
2025-07-16T07:27:20.062170,0,31601,3341435,1
2025-07-16T07:27:49.985974,0,31601,3343455,1
2025-07-16T07:28:20.170681,0,31601,3345766,1
2025-07-16T07:28:50.107828,0,31601,3348123,1
2025-07-16T07:29:20.089898,0,31601,3350575,1
2025-07-16T07:29:50.259472,0,31601,3352733,1
2025-07-16T07:30:20.211023,2414,31601,3354726,1
2025-07-16T07:30:50.258698,0,31601,3365568,1
2025-07-16T07:31:20.231477,0,31601,3367965,1
2025-07-16T07:31:50.280057,0,31601,3370521,1
2025-07-16T07:32:20.431623,0,31601,3372821,1
2025-07-16T07:32:50.279178,0,31601,3375146,1
2025-07-16T07:33:20.476906,0,31601,3377473,1
2025-07-16T07:33:50.284842,0,31601,3379471,1
2025-07-16T07:34:20.347820,0,31601,3389520,1
2025-07-16T07:34:50.318984,0,31601,3391681,1
2025-07-16T07:35:20.244473,0,31601,3393786,1
2025-07-16T07:35:50.242460,0,31601,3395854,1
2025-07-16T07:36:20.360874,0,31601,3398066,1
2025-07-16T07:36:50.399164,0,31601,3400240,1
2025-07-16T07:37:30.457623,0,31601,3409640,1
2025-07-16T07:37:32.246565,0,31601,3409732,1
2025-07-16T07:37:50.579358,0,31601,3411170,1
2025-07-16T07:38:20.601944,0,31601,3413269,1
2025-07-16T07:38:50.780086,0,31601,3415563,1
2025-07-16T07:39:20.811075,0,31601,3417717,1
2025-07-16T07:39:51.250961,0,31601,3420044,1
2025-07-16T07:40:22.710889,0,31601,3422300,1
2025-07-16T07:40:52.621587,0,31601,3424703,1
2025-07-16T07:41:22.648040,0,31601,3435210,1
2025-07-16T07:41:52.664453,0,31601,3437527,1
2025-07-16T07:42:22.630486,0,31601,3440009,1
2025-07-16T07:42:52.652772,0,31601,3442404,1
2025-07-16T07:43:22.614259,0,31601,3444764,1
2025-07-16T07:43:52.968897,0,31601,3447163,1
2025-07-16T07:44:22.887707,0,31601,3449526,1
2025-07-16T07:44:52.876226,0,31601,3451913,1
2025-07-16T07:45:23.324410,0,31601,3463137,1
2025-07-16T07:45:53.306327,0,31601,3471789,1
2025-07-16T07:46:24.499191,0,31601,3476576,1
2025-07-16T07:46:54.510380,0,31601,3485846,1
2025-07-16T07:47:25.431737,0,31601,3488260,1
2025-07-16T07:47:55.410073,0,31601,3497885,1
2025-07-16T07:48:25.446567,0,31601,3500299,1
2025-07-16T07:48:55.402471,0,31601,3502701,1
2025-07-16T07:49:25.433695,0,31601,3505116,1
2025-07-16T07:49:55.442695,0,31601,3515169,1
2025-07-16T07:50:25.425426,0,31601,3517638,1
2025-07-16T07:50:55.440717,0,31601,3520021,1
2025-07-16T07:51:25.427005,0,31601,3522446,1
2025-07-16T07:51:55.434626,0,31601,3524882,1
2025-07-16T07:52:25.445172,0,31601,3527286,1
2025-07-16T07:52:55.465366,0,31601,3536509,1
2025-07-16T07:53:25.454275,0,31601,3538952,1
2025-07-16T07:53:55.408947,0,31601,3541221,1
2025-07-16T07:54:25.442498,0,31601,3543528,1
2025-07-16T07:54:55.428466,0,31601,3545932,1
2025-07-16T07:55:25.441476,0,31601,3548448,1
2025-07-16T07:55:55.402251,0,31601,3550971,1
2025-07-16T07:56:25.448877,0,31601,3560424,1
2025-07-16T07:56:55.421326,0,31601,3562786,1
2025-07-16T07:57:25.437470,2400,31601,3565266,1
2025-07-16T07:57:55.474885,0,31601,3567688,1
2025-07-16T07:58:25.411007,0,31601,3569991,1
2025-07-16T07:58:55.481087,0,31601,3572435,1
2025-07-16T07:59:25.602895,0,31601,3579725,1
2025-07-16T07:59:53.159838,0,31601,3581406,1
2025-07-16T08:00:23.944973,0,31601,3583639,1
2025-07-16T08:00:53.983141,0,31601,3585762,1
2025-07-16T08:01:23.921713,0,31601,3588025,1
2025-07-16T08:01:53.957627,0,31601,3590435,1
2025-07-16T08:02:24.036665,0,31601,3592679,1
2025-07-16T08:02:55.960498,0,31601,3595034,1
2025-07-16T08:03:26.109161,0,31601,3597241,1
2025-07-16T08:03:56.110875,0,31601,3599694,1
2025-07-16T08:04:26.197251,0,31601,3601666,1
2025-07-16T08:04:56.178528,0,31601,3610455,1
2025-07-16T08:05:26.203022,0,31601,3612786,1
2025-07-16T08:05:56.250363,0,31601,3615033,1
2025-07-16T08:06:26.212637,0,31601,3617388,1
2025-07-16T08:06:56.340587,0,31601,3619714,1
2025-07-21T08:29:28.756765,0,31601,3623812,1
2025-07-21T08:29:55.201269,0,31601,3623812,1
2025-07-21T08:30:26.619840,0,31601,3623812,1
2025-07-21T08:30:56.816691,0,31601,3623813,1
2025-07-21T08:31:26.751858,0,31601,3623813,1
2025-07-21T08:31:56.757447,0,31601,3623813,1
2025-07-21T08:32:44.003538,0,31601,3623814,1
2025-07-21T08:32:44.089240,0,31601,3623814,1
2025-07-21T08:33:13.612371,0,31601,3623814,1
2025-07-21T08:33:43.616185,0,31601,3623814,1
2025-07-21T08:34:15.323915,0,31601,3623814,1
2025-07-21T08:34:45.209073,0,31601,3623814,1
2025-07-21T08:35:15.636583,0,31601,3623814,1
2025-07-21T08:35:45.796571,0,31601,3623814,1
2025-07-21T08:35:49.652403,0,31601,3623814,1
2025-07-21T08:36:15.843972,0,31601,3623814,1
2025-07-21T08:36:45.816246,0,31601,3623814,1
2025-07-21T08:37:16.090947,0,31601,3623814,1
2025-07-21T08:37:46.069132,0,31601,3623814,1
2025-07-21T08:38:15.999816,0,31601,3623814,1
2025-07-21T08:38:46.016848,0,31601,3623815,1
2025-07-21T08:39:15.999755,0,31601,3623815,1
2025-07-21T08:39:46.616104,0,31601,3623815,1
2025-07-21T08:40:16.194163,0,31601,3623815,1
2025-07-21T08:40:46.759993,0,31601,3623815,1
2025-07-21T08:41:16.897231,0,31601,3623815,1
2025-07-21T08:41:46.847914,0,31601,3623815,1
2025-07-21T08:42:16.958736,0,31601,3623815,1
2025-07-21T08:42:46.936048,0,31601,3623815,1
2025-07-21T08:43:16.978513,0,31601,3623815,1
2025-07-21T08:43:47.009847,0,31601,3623815,1
2025-07-21T08:44:17.152660,0,31601,3623816,1
2025-07-21T08:44:47.092118,0,31601,3623816,1
2025-07-21T08:45:17.159386,0,31601,3623817,1
2025-07-21T08:45:47.144343,0,31601,3623818,1
2025-07-21T08:46:17.153628,0,31601,3623819,1
2025-07-21T08:46:47.152257,0,31601,3623819,1
2025-07-21T08:47:22.889722,0,31601,3623819,1
2025-07-21T08:47:47.425058,0,31601,3623819,1
2025-07-21T08:48:17.393353,0,31601,3623819,1
2025-07-21T08:48:47.569238,0,31601,3623819,1
2025-07-21T08:49:17.640398,0,31601,3623819,1
2025-07-21T08:49:47.584569,0,31601,3623819,1
2025-07-21T08:50:17.667169,0,31601,3623819,1
2025-07-21T08:50:47.713476,0,31601,3623819,1
2025-07-21T08:51:17.732762,0,31601,3623819,1
2025-07-21T08:51:47.757690,0,31601,3623819,1
2025-07-21T08:52:17.791475,0,31601,3623819,1
2025-07-21T08:52:47.794867,0,31601,3623819,1
2025-07-21T08:53:17.882002,0,31601,3623819,1
2025-07-21T08:53:47.866691,0,31601,3623819,1
2025-07-21T08:54:17.938320,0,31601,3623819,1
2025-07-21T08:54:47.926332,0,31601,3623819,1
2025-07-21T08:55:17.988859,0,31601,3623819,1
2025-07-21T08:55:48.022125,0,31601,3623819,1
2025-07-21T08:56:18.113941,0,31601,3623819,1
2025-07-21T08:56:48.107115,0,31601,3623819,1
2025-07-21T08:57:18.087004,0,31601,3623819,1
2025-07-21T08:57:48.473616,0,31601,3623819,1
2025-07-21T08:58:18.166893,0,31601,3623819,1
2025-08-03T08:17:33.699556,0,0,0,0
2025-08-03T08:17:36.007443,0,0,0,0
2025-08-03T08:17:38.296415,0,0,0,0
2025-08-03T08:18:01.017314,0,0,0,0
2025-08-03T08:18:03.322842,0,0,0,0
2025-08-03T08:18:05.595684,0,0,0,0
2025-08-03T08:18:31.027602,0,0,0,0
2025-08-03T08:18:33.346975,0,0,0,0
2025-08-03T08:18:35.641189,0,0,0,0
2025-08-03T08:19:01.022751,0,0,0,0
2025-08-03T08:19:03.353218,0,0,0,0
2025-08-03T08:19:05.670782,0,0,0,0
2025-08-03T08:19:30.963719,0,0,0,0
2025-08-03T08:19:33.246393,0,0,0,0
2025-08-03T08:19:35.520442,0,0,0,0
2025-08-03T08:20:00.976587,0,0,0,0
2025-08-03T08:20:03.290488,0,0,0,0
2025-08-03T08:20:05.612890,0,0,0,0
2025-08-03T08:20:30.995384,0,0,0,0
2025-08-03T08:20:33.312986,0,0,0,0
2025-08-03T08:20:35.618297,0,0,0,0
2025-08-03T08:21:00.999500,0,0,0,0
2025-08-03T08:21:03.343510,0,0,0,0
2025-08-03T08:21:05.634778,0,0,0,0
2025-08-03T08:21:30.997168,0,0,0,0
2025-08-03T08:21:33.326487,0,0,0,0
2025-08-03T08:21:35.725796,0,0,0,0
2025-08-03T08:22:01.007509,0,0,0,0
2025-08-03T08:22:04.354843,0,0,0,0
2025-08-03T08:22:06.656201,0,0,0,0
2025-08-03T08:22:31.337829,0,0,0,0
2025-08-03T08:22:33.882593,0,0,0,0
2025-08-03T08:22:36.307245,0,0,0,0
2025-08-03T08:22:41.933351,0,0,0,0
2025-08-03T08:22:42.061120,0,0,0,0
2025-08-03T08:22:44.646440,0,0,0,0
2025-08-03T08:22:44.687021,0,0,0,0
2025-08-03T08:22:47.243460,0,0,0,0
2025-08-03T08:22:47.321095,0,0,0,0
2025-08-03T08:23:12.149854,0,0,0,0
2025-08-03T08:23:15.761023,0,0,0,0
2025-08-03T08:23:18.153883,0,0,0,0
2025-08-03T08:23:42.147426,0,0,0,0
2025-08-03T08:43:46.226676,0,0,0,0
2025-08-03T08:44:16.189232,0,0,0,0
2025-08-03T08:44:46.178335,0,0,0,0
2025-08-03T08:45:16.333880,0,0,0,0
2025-08-03T08:45:46.180597,0,0,0,0
2025-08-03T08:46:16.337750,0,0,0,0
2025-08-03T08:46:48.598974,0,0,0,0
2025-08-03T08:46:48.678491,0,0,0,0
2025-08-03T08:46:58.945683,0,0,0,0
2025-08-03T08:47:18.619726,0,0,0,0
2025-08-03T08:47:48.612627,0,0,0,0
2025-08-03T08:48:18.634597,0,0,0,0
2025-08-03T08:48:48.728800,0,0,0,0
2025-08-03T08:49:18.819256,0,0,0,0
2025-08-03T08:49:48.777012,0,0,0,0
2025-08-03T08:50:18.721592,0,0,0,0
2025-08-03T08:50:48.811747,0,0,0,0
2025-08-03T08:51:18.762610,0,0,0,0
2025-08-03T08:51:48.855134,0,0,0,0
2025-08-03T08:52:18.789511,0,0,0,0
2025-08-03T08:52:49.023208,0,0,0,0
2025-08-03T08:53:19.085706,0,0,0,0
2025-08-03T08:53:49.076513,0,0,0,0
2025-08-03T08:54:19.196656,0,0,0,0
2025-08-03T08:54:49.289355,0,0,0,0
2025-08-03T08:55:19.408361,0,0,0,0
2025-08-03T08:55:40.817604,0,0,0,0
2025-08-03T08:55:40.839984,0,0,0,0
2025-08-03T08:56:10.453751,0,0,0,0
2025-08-03T08:56:40.521939,0,0,0,0
2025-08-03T08:57:10.574548,0,0,0,0
2025-08-03T08:57:40.635775,0,0,0,0
2025-08-03T08:58:10.478395,0,0,0,0
2025-08-03T08:58:40.476929,0,0,0,0
2025-08-03T08:59:10.480663,0,0,0,0
2025-08-03T08:59:40.493160,0,0,0,0
2025-08-03T09:00:10.449789,0,0,0,0
2025-08-03T09:00:40.508217,0,0,0,0
2025-08-03T09:01:10.485822,0,0,0,0
2025-08-03T09:01:41.132693,0,0,0,0
2025-08-03T09:02:11.102506,0,0,0,0
2025-08-03T09:02:41.115574,0,0,0,0
2025-08-03T09:03:11.140092,0,0,0,0
2025-08-03T09:03:41.151000,0,0,0,0
2025-08-03T09:04:11.087428,0,0,0,0
2025-08-03T09:04:41.117987,0,0,0,0
2025-08-03T09:05:11.155553,0,0,0,0
2025-08-03T09:05:41.112500,0,0,0,0
2025-08-03T09:06:12.747047,0,0,0,0
2025-08-03T09:06:42.765466,0,0,0,0
2025-08-03T09:07:12.700143,0,0,0,0
2025-08-03T09:07:42.742699,0,0,0,0
2025-08-03T09:08:12.728155,0,0,0,0
2025-08-03T09:08:42.709343,0,0,0,0
2025-08-03T09:09:12.763188,0,0,0,0
2025-08-03T09:09:42.727345,0,0,0,0
2025-08-03T09:10:12.864966,0,0,0,0
2025-08-03T09:10:42.730368,0,0,0,0
2025-08-03T09:11:12.767925,0,0,0,0
2025-08-03T09:11:42.709005,0,0,0,0
2025-08-03T09:12:13.146351,0,0,0,0
2025-08-03T09:12:43.068657,0,0,0,0
2025-08-03T09:13:13.022978,0,0,0,0
2025-08-03T09:13:43.157798,0,0,0,0
2025-08-03T09:14:13.190350,0,0,0,0
2025-08-03T09:14:43.082633,0,0,0,0
2025-08-03T09:15:13.147314,0,0,0,0
2025-08-03T09:15:43.089373,0,0,0,0
2025-08-03T09:16:13.184058,0,0,0,0
2025-08-03T09:16:43.130543,0,0,0,0
2025-08-03T09:17:13.121973,0,0,0,0
2025-08-03T09:17:43.207978,0,0,0,0
2025-08-03T09:18:13.106005,0,0,0,0
2025-08-03T09:18:43.109641,0,0,0,0
2025-08-03T09:19:13.205364,0,0,0,0
2025-08-03T09:19:43.157316,0,0,0,0
2025-08-03T09:20:13.142165,0,0,0,0
2025-08-03T09:20:43.077711,0,0,0,0
2025-08-03T09:21:13.161660,0,0,0,0
2025-08-03T09:21:43.199553,0,0,0,0
2025-08-03T09:22:13.182586,0,0,0,0
2025-08-03T09:22:43.138079,0,0,0,0
2025-08-03T09:23:13.090177,0,0,0,0
2025-08-03T09:23:43.160233,0,0,0,0
2025-08-03T09:24:13.109691,0,0,0,0
2025-08-03T09:24:43.088227,0,0,0,0
2025-08-03T09:25:13.140435,0,0,0,0
2025-08-03T09:25:43.092363,0,0,0,0
2025-08-03T09:26:13.055370,0,0,0,0
2025-08-03T09:26:43.156695,0,0,0,0
2025-08-03T09:27:13.091543,0,0,0,0
2025-08-03T09:27:43.130645,0,0,0,0
2025-08-03T09:28:13.109361,0,0,0,0
2025-08-03T09:28:43.106669,0,0,0,0
2025-08-03T09:29:13.149650,0,0,0,0
2025-08-03T09:29:43.130832,0,0,0,0
2025-08-03T09:30:13.101356,0,0,0,0
2025-08-03T09:30:43.161724,0,0,0,0
2025-08-03T09:31:13.138740,0,0,0,0
2025-08-03T09:31:43.233936,0,0,0,0
2025-08-03T09:32:13.166569,0,0,0,0
2025-08-03T09:32:43.176604,0,0,0,0
2025-08-03T09:33:13.128228,0,0,0,0
2025-08-03T09:33:43.110873,0,0,0,0
2025-08-03T09:34:13.089128,0,0,0,0
2025-08-03T09:34:43.101407,0,0,0,0
2025-08-03T09:35:13.076557,0,0,0,0
2025-08-03T09:35:43.074755,0,0,0,0
2025-08-03T09:36:13.101246,0,0,0,0
2025-08-03T09:36:43.141258,0,0,0,0
2025-08-03T09:37:13.122160,0,0,0,0
2025-08-03T09:37:43.106550,0,0,0,0
2025-08-03T09:38:13.137370,0,0,0,0
2025-08-03T09:38:43.164757,0,0,0,0
2025-08-03T09:39:13.110927,0,0,0,0
2025-08-03T09:39:43.112491,0,0,0,0
2025-08-03T09:40:13.065683,0,0,0,0
2025-08-03T09:40:43.117476,0,0,0,0
2025-08-03T09:41:13.104356,0,0,0,0
2025-08-03T09:41:43.106725,0,0,0,0
2025-08-03T09:42:13.298244,0,0,0,0
2025-08-03T09:42:43.167864,0,0,0,0
2025-08-03T09:43:13.104436,0,0,0,0
2025-08-03T09:43:43.165017,0,0,0,0
2025-08-03T09:44:13.069436,0,0,0,0
2025-08-03T09:44:43.180708,0,0,0,0
2025-08-03T09:45:13.143319,0,0,0,0
2025-08-03T09:45:43.118982,0,0,0,0
2025-08-03T09:46:13.178401,0,0,0,0
2025-08-03T09:46:43.180051,0,0,0,0
2025-08-03T09:47:13.143172,0,0,0,0
2025-08-03T09:47:43.199731,0,0,0,0
2025-08-03T09:48:13.106644,0,0,0,0
2025-08-03T09:48:43.111829,0,0,0,0
2025-08-03T09:49:13.166783,0,0,0,0
2025-08-03T09:49:43.125554,0,0,0,0
2025-08-03T09:50:13.155020,0,0,0,0
2025-08-03T09:50:43.120620,0,0,0,0
2025-08-03T09:51:13.181367,0,0,0,0
2025-08-03T09:51:43.169395,0,0,0,0
2025-08-03T09:52:13.172236,0,0,0,0
2025-08-03T09:52:43.115373,0,0,0,0
2025-08-03T09:53:13.149858,0,0,0,0
2025-08-03T09:53:43.149842,0,0,0,0
2025-08-03T09:54:13.152085,0,0,0,0
2025-08-03T09:54:43.206744,0,0,0,0
2025-08-03T09:55:13.113712,0,0,0,0
2025-08-03T09:55:43.135912,0,0,0,0
2025-08-03T09:56:13.191109,0,0,0,0
2025-08-03T09:56:43.174253,0,0,0,0
2025-08-03T09:57:13.127788,0,0,0,0
2025-08-03T09:57:43.176185,0,0,0,0
2025-08-03T09:58:13.086214,0,0,0,0
2025-08-03T09:58:43.108654,0,0,0,0
2025-08-03T09:59:13.187012,0,0,0,0
2025-08-03T09:59:43.095794,0,0,0,0
2025-08-03T10:00:13.200748,0,0,0,0
2025-08-03T10:00:43.201697,0,0,0,0
2025-08-03T10:01:13.199358,0,0,0,0
2025-08-03T10:01:43.167561,0,0,0,0
2025-08-03T10:02:13.176436,0,0,0,0
2025-08-03T10:02:43.163337,0,0,0,0
2025-08-03T10:03:13.169243,0,0,0,0
2025-08-03T10:03:43.124863,0,0,0,0
2025-08-03T10:04:13.162689,0,0,0,0
2025-08-03T10:04:43.124261,0,0,0,0
2025-08-03T10:05:13.201927,0,0,0,0
2025-08-03T10:05:43.146292,0,0,0,0
2025-08-03T10:06:13.076864,0,0,0,0
2025-08-03T10:06:43.188175,0,0,0,0
2025-08-03T10:07:13.206556,0,0,0,0
2025-08-03T10:07:43.126791,0,0,0,0
2025-08-03T10:08:13.099344,0,0,0,0
2025-08-03T10:08:43.155941,0,0,0,0
2025-08-03T10:09:13.157795,0,0,0,0
2025-08-03T10:09:43.207845,0,0,0,0
2025-08-03T10:10:13.203701,0,0,0,0
2025-08-03T10:10:43.196960,0,0,0,0
2025-08-03T10:11:13.165975,0,0,0,0
2025-08-03T10:11:43.249018,0,0,0,0
2025-08-03T10:12:13.113804,0,0,0,0
2025-08-03T10:12:43.156490,0,0,0,0
2025-08-03T10:13:13.216406,0,0,0,0
2025-08-03T10:13:43.156415,0,0,0,0
2025-08-03T10:14:13.152698,0,0,0,0
2025-08-03T10:14:43.197744,0,0,0,0
2025-08-03T10:15:13.117958,0,0,0,0
2025-08-03T10:15:43.158392,0,0,0,0
2025-08-03T10:16:13.187857,0,0,0,0
2025-08-03T10:16:43.135885,0,0,0,0
2025-08-03T10:17:13.217030,0,0,0,0
2025-08-03T10:17:43.180820,0,0,0,0
2025-08-03T10:18:13.246230,0,0,0,0
2025-08-03T10:18:43.144482,0,0,0,0
2025-08-03T10:19:13.153561,0,0,0,0
2025-08-03T10:19:43.243879,0,0,0,0
2025-08-03T10:20:13.121945,0,0,0,0
2025-08-03T10:20:43.201086,0,0,0,0
2025-08-03T10:21:13.154441,0,0,0,0
2025-08-03T10:21:43.209882,0,0,0,0
2025-08-03T10:22:13.179151,0,0,0,0
2025-08-03T10:22:43.172077,0,0,0,0
2025-08-03T10:23:13.208378,0,0,0,0
2025-08-03T10:23:43.199488,0,0,0,0
2025-08-03T10:24:13.204578,0,0,0,0
2025-08-03T10:24:43.235482,0,0,0,0
2025-08-03T10:25:13.216662,0,0,0,0
2025-08-03T10:25:43.167485,0,0,0,0
2025-08-03T10:26:13.191419,0,0,0,0
2025-08-03T10:26:43.301897,66,0,0,0
2025-08-03T10:27:13.183696,0,0,0,0
2025-08-03T10:27:43.260882,0,0,0,0
2025-08-03T10:28:13.207754,0,0,0,0
2025-08-03T10:28:43.115537,0,0,0,0
2025-08-03T10:29:13.242567,0,0,0,0
2025-08-03T10:29:43.152973,0,0,0,0
2025-08-03T10:30:13.190008,0,0,0,0
2025-08-03T10:30:43.181017,0,0,0,0
2025-08-03T10:31:13.175705,0,0,0,0
2025-08-03T10:31:43.185258,0,0,0,0
2025-08-03T10:32:13.172684,0,0,0,0
2025-08-03T10:32:43.172483,0,0,0,0
2025-08-03T10:33:13.219267,0,0,0,0
2025-08-03T10:33:43.165412,0,0,0,0
2025-08-03T10:34:13.195688,0,0,0,0
2025-08-03T10:34:43.193227,0,0,0,0
2025-08-03T10:35:13.163490,0,0,0,0
2025-08-03T10:35:43.195072,0,0,0,0
2025-08-03T10:36:13.242511,0,0,0,0
2025-08-03T10:36:43.157727,0,0,0,0
2025-08-03T10:37:13.146666,0,0,0,0
2025-08-03T10:37:43.145205,0,0,0,0
2025-08-03T10:38:13.206127,0,0,0,0
2025-08-03T10:38:43.208924,0,0,0,0
2025-08-03T10:39:13.209129,0,0,0,0
2025-08-03T10:39:43.198433,0,0,0,0
2025-08-03T10:40:13.154977,0,0,0,0
2025-08-03T10:40:43.215672,0,0,0,0
2025-08-03T10:41:13.208707,0,0,0,0
2025-08-03T10:41:43.205537,0,0,0,0
2025-08-03T10:42:13.216942,0,0,0,0
2025-08-03T10:42:43.185049,0,0,0,0
2025-08-03T10:43:13.179711,0,0,0,0
2025-08-03T10:43:43.164171,0,0,0,0
2025-08-03T10:44:13.195646,0,0,0,0
2025-08-03T10:44:43.157983,0,0,0,0
2025-08-03T10:45:13.194120,0,0,0,0
2025-08-03T10:45:43.285097,0,0,0,0
2025-08-03T10:46:13.174164,0,0,0,0
2025-08-03T10:46:43.223005,0,0,0,0
2025-08-03T10:47:13.246884,0,0,0,0
2025-08-03T10:47:43.218965,0,0,0,0
2025-08-03T10:48:13.180153,0,0,0,0
2025-08-03T10:48:43.195968,0,0,0,0
2025-08-03T10:49:13.278522,0,0,0,0
2025-08-03T10:49:43.200387,0,0,0,0
2025-08-03T10:50:13.222611,0,0,0,0
2025-08-03T10:50:43.239013,0,0,0,0
2025-08-03T10:51:13.214435,0,0,0,0
2025-08-03T10:51:43.224849,0,0,0,0
2025-08-03T10:52:13.250719,0,0,0,0
2025-08-03T10:52:43.187761,0,0,0,0
2025-08-03T10:53:13.250305,0,0,0,0
2025-08-03T10:53:43.211657,0,0,0,0
2025-08-03T10:54:13.211817,0,0,0,0
2025-08-03T10:54:43.278882,0,0,0,0
2025-08-03T10:55:13.207827,0,0,0,0
2025-08-03T10:55:43.199402,0,0,0,0
2025-08-03T10:56:13.181068,0,0,0,0
2025-08-03T10:56:43.195016,0,0,0,0
2025-08-03T10:57:13.237735,0,0,0,0
2025-08-03T10:57:43.212922,0,0,0,0
2025-08-03T10:58:13.200033,0,0,0,0
2025-08-03T10:58:43.197291,0,0,0,0
2025-08-03T10:59:13.166613,0,0,0,0
2025-08-03T10:59:43.299937,0,0,0,0
2025-08-03T11:00:13.189531,0,0,0,0
2025-08-03T11:00:43.214832,0,0,0,0
2025-08-03T11:01:13.261665,0,0,0,0
2025-08-03T11:01:43.277393,0,0,0,0
2025-08-03T11:02:13.253018,0,0,0,0
2025-08-03T11:02:43.176150,0,0,0,0
2025-08-03T11:03:13.177731,0,0,0,0
2025-08-03T11:03:43.227753,0,0,0,0
2025-08-03T11:04:13.200440,0,0,0,0
2025-08-03T11:04:43.243359,0,0,0,0
2025-08-03T11:05:13.209217,0,0,0,0
2025-08-03T11:05:43.254959,0,0,0,0
2025-08-03T11:06:13.214927,0,0,0,0
2025-08-03T11:06:43.287718,0,0,0,0
2025-08-03T11:07:13.222181,0,0,0,0
2025-08-03T11:07:43.273925,0,0,0,0
2025-08-03T11:08:13.216221,0,0,0,0
2025-08-03T11:08:43.268446,0,0,0,0
2025-08-03T11:09:13.246548,0,0,0,0
2025-08-03T11:09:43.291244,0,0,0,0
2025-08-03T11:10:13.204649,0,0,0,0
2025-08-03T11:10:43.249979,0,0,0,0
2025-08-03T11:11:13.209990,0,0,0,0
2025-08-03T11:11:43.224260,0,0,0,0
2025-08-03T11:12:13.269939,0,0,0,0
2025-08-03T11:12:43.257381,0,0,0,0
2025-08-03T11:13:13.197338,0,0,0,0
2025-08-03T11:13:43.234008,0,0,0,0
2025-08-03T11:14:13.215768,0,0,0,0
2025-08-03T11:14:43.243844,0,0,0,0
2025-08-03T11:15:13.290996,0,0,0,0
2025-08-03T11:15:43.301787,0,0,0,0
2025-08-03T11:16:13.222567,0,0,0,0
2025-08-03T11:16:43.248491,0,0,0,0
2025-08-03T11:17:13.255506,0,0,0,0
2025-08-03T11:17:43.169401,0,0,0,0
2025-08-03T11:18:13.243530,0,0,0,0
2025-08-03T11:18:43.272527,0,0,0,0
2025-08-03T11:19:13.267329,0,0,0,0
2025-08-03T11:19:43.288529,0,0,0,0
2025-08-03T11:20:13.229845,0,0,0,0
2025-08-03T11:20:43.221154,0,0,0,0
2025-08-03T11:21:13.300041,0,0,0,0
2025-08-03T11:21:43.233708,0,0,0,0
2025-08-03T11:22:13.328226,0,0,0,0
2025-08-03T11:22:43.292658,0,0,0,0
2025-08-03T11:23:13.217817,0,0,0,0
2025-08-03T11:23:43.292190,0,0,0,0
2025-08-03T11:24:13.230754,0,0,0,0
2025-08-03T11:24:43.368062,0,0,0,0
2025-08-03T11:25:13.240634,0,0,0,0
2025-08-03T11:25:43.234982,0,0,0,0
2025-08-03T11:26:13.270138,0,0,0,0
2025-08-03T11:26:43.258448,0,0,0,0
2025-08-03T11:27:13.248590,0,0,0,0
2025-08-03T11:27:43.203837,0,0,0,0
2025-08-03T11:28:13.263632,0,0,0,0
2025-08-03T11:28:43.226094,0,0,0,0
2025-08-03T11:29:13.285234,0,0,0,0
2025-08-03T11:29:43.218780,0,0,0,0
2025-08-03T11:30:13.262462,0,0,0,0
2025-08-03T11:30:43.256322,0,0,0,0
2025-08-03T11:31:13.237463,0,0,0,0
2025-08-03T11:31:43.353904,0,0,0,0
2025-08-03T11:32:13.245158,0,0,0,0
2025-08-03T11:32:43.240703,0,0,0,0
2025-08-03T11:33:13.270710,0,0,0,0
2025-08-03T11:33:43.180618,0,0,0,0
2025-08-03T11:34:13.286962,0,0,0,0
2025-08-03T11:34:43.281577,0,0,0,0
2025-08-03T11:35:13.227742,0,0,0,0
2025-08-03T11:35:43.277357,0,0,0,0
2025-08-03T11:36:13.274793,0,0,0,0
2025-08-03T11:36:43.271545,0,0,0,0
2025-08-03T11:37:13.338406,0,0,0,0
2025-08-03T11:37:43.296607,0,0,0,0
2025-08-03T11:38:13.283101,0,0,0,0
2025-08-03T11:38:43.312408,0,0,0,0
2025-08-03T11:39:13.242518,0,0,0,0
2025-08-03T11:39:43.279378,0,0,0,0
2025-08-03T11:40:13.311039,0,0,0,0
2025-08-03T11:40:43.334848,0,0,0,0
2025-08-03T11:41:13.367024,0,0,0,0
2025-08-03T11:41:43.328333,0,0,0,0
2025-08-03T11:42:13.312586,0,0,0,0
2025-08-03T11:42:43.274293,0,0,0,0
2025-08-03T11:43:13.329637,0,0,0,0
2025-08-03T11:43:43.265619,0,0,0,0
2025-08-03T11:44:13.384974,0,0,0,0
2025-08-03T11:44:43.342011,0,0,0,0
2025-08-03T11:45:13.407349,0,0,0,0
2025-08-03T11:45:43.343183,0,0,0,0
2025-08-03T11:46:13.352259,0,0,0,0
2025-08-03T11:46:43.374023,0,0,0,0
2025-08-03T11:47:13.333999,0,0,0,0
2025-08-03T11:47:43.332624,0,0,0,0
2025-08-03T11:48:13.346416,0,0,0,0
2025-08-03T11:48:43.346480,0,0,0,0
2025-08-03T11:49:13.315379,0,0,0,0
2025-08-03T11:49:43.287626,0,0,0,0
2025-08-03T11:50:13.353140,0,0,0,0
2025-08-03T11:50:43.292415,0,0,0,0
2025-08-03T11:51:13.379977,0,0,0,0
2025-08-03T11:51:43.395424,0,0,0,0
2025-08-03T11:52:13.365588,0,0,0,0
2025-08-03T11:52:43.288818,0,0,0,0
2025-08-03T11:53:13.365008,0,0,0,0
2025-08-03T11:53:43.333742,0,0,0,0
2025-08-03T11:54:13.353062,0,0,0,0
2025-08-03T11:54:43.322472,0,0,0,0
2025-08-03T11:55:13.310470,0,0,0,0
2025-08-03T11:55:43.342080,0,0,0,0
2025-08-03T11:56:13.313213,0,0,0,0
2025-08-03T11:56:43.283331,0,0,0,0
2025-08-03T11:57:13.276904,0,0,0,0
2025-08-03T11:57:43.342923,0,0,0,0
2025-08-03T11:58:13.303825,0,0,0,0
2025-08-03T11:58:43.314711,0,0,0,0
2025-08-03T11:59:13.365567,0,0,0,0
2025-08-03T11:59:43.322570,0,0,0,0
2025-08-03T12:00:13.365826,0,0,0,0
2025-08-03T12:00:43.326982,0,0,0,0
2025-08-03T12:01:13.329676,0,0,0,0
2025-08-03T12:01:43.375229,0,0,0,0
2025-08-03T12:02:13.320886,0,0,0,0
2025-08-03T12:02:43.379988,0,0,0,0
2025-08-03T12:03:13.328302,0,0,0,0
2025-08-03T12:03:43.331549,0,0,0,0
2025-08-03T12:04:13.303150,0,0,0,0
2025-08-03T12:04:43.360920,0,0,0,0
2025-08-03T12:05:13.382128,0,0,0,0
2025-08-03T12:05:43.317801,0,0,0,0
2025-08-03T12:06:13.221254,0,0,0,0
2025-08-03T12:06:43.356214,0,0,0,0
2025-08-03T12:07:13.306184,0,0,0,0
2025-08-03T12:07:43.311222,0,0,0,0
2025-08-03T12:08:13.379537,0,0,0,0
2025-08-03T12:08:43.368591,0,0,0,0
2025-08-03T12:09:13.394599,0,0,0,0
2025-08-03T12:09:43.429789,0,0,0,0
2025-08-03T12:10:13.410500,0,0,0,0
2025-08-03T12:10:43.464434,0,0,0,0
2025-08-03T12:11:13.358985,0,0,0,0
2025-08-03T12:11:43.343539,0,0,0,0
2025-08-03T12:12:13.385860,0,0,0,0
2025-08-03T12:12:43.320503,0,0,0,0
2025-08-03T12:13:13.282138,0,0,0,0
2025-08-03T12:13:43.350016,0,0,0,0
2025-08-03T12:14:13.366488,0,0,0,0
2025-08-03T12:14:43.323298,0,0,0,0
2025-08-03T12:15:13.309054,0,0,0,0
2025-08-03T12:15:43.330419,0,0,0,0
2025-08-03T12:16:13.428435,0,0,0,0
2025-08-03T12:16:43.333398,0,0,0,0
2025-08-03T12:17:13.401738,0,0,0,0
2025-08-03T12:17:43.329354,0,0,0,0
2025-08-03T12:18:13.506846,0,0,0,0
2025-08-03T12:18:43.735228,0,0,0,0
2025-08-03T12:19:13.382576,0,0,0,0
2025-08-03T12:19:43.445608,0,0,0,0
2025-08-03T12:20:13.404067,0,0,0,0
2025-08-03T12:20:43.386354,0,0,0,0
2025-08-03T12:21:13.338572,0,0,0,0
2025-08-03T12:21:43.484377,0,0,0,0
2025-08-03T12:22:14.180143,0,0,0,0
2025-08-03T12:22:43.403597,0,0,0,0
2025-08-03T12:23:13.499494,0,0,0,0
2025-08-03T12:23:43.390610,0,0,0,0
2025-08-03T12:24:13.330980,0,0,0,0
2025-08-03T12:24:43.406510,0,0,0,0
2025-08-03T12:25:13.414133,0,0,0,0
2025-08-03T12:25:43.468882,0,0,0,0
2025-08-03T12:26:13.478168,0,0,0,0
2025-08-03T12:26:43.408823,0,0,0,0
2025-08-03T12:27:13.391657,0,0,0,0
2025-08-03T12:27:43.459796,0,0,0,0
2025-08-03T12:28:13.348890,0,0,0,0
2025-08-03T12:28:43.420245,0,0,0,0
2025-08-03T12:29:13.306595,0,0,0,0
2025-08-03T12:29:43.367519,0,0,0,0
2025-08-03T12:30:13.432564,0,0,0,0
2025-08-03T12:30:43.418950,0,0,0,0
2025-08-03T12:31:13.643859,0,0,0,0
2025-08-03T12:31:43.316051,0,0,0,0
2025-08-03T12:32:13.425022,0,0,0,0
2025-08-03T12:32:43.375402,0,0,0,0
2025-08-03T12:33:13.387615,0,0,0,0
2025-08-03T12:33:43.371873,0,0,0,0
2025-08-03T12:34:13.378150,0,0,0,0
2025-08-03T12:34:43.439223,0,0,0,0
2025-08-03T12:35:13.380055,0,0,0,0
2025-08-03T12:35:43.409183,0,0,0,0
2025-08-03T12:36:13.423774,0,0,0,0
2025-08-03T12:36:43.423664,0,0,0,0
2025-08-03T12:37:13.451450,0,0,0,0
2025-08-03T12:37:43.462773,0,0,0,0
2025-08-03T12:38:13.438403,0,0,0,0
2025-08-03T12:38:43.446985,0,0,0,0
2025-08-03T12:39:13.443209,0,0,0,0
2025-08-03T12:39:43.459193,0,0,0,0
2025-08-03T12:40:13.445228,0,0,0,0
2025-08-03T12:40:43.381971,0,0,0,0
2025-08-03T12:41:13.427157,0,0,0,0
2025-08-03T12:41:43.445571,0,0,0,0
2025-08-03T12:42:13.458868,0,0,0,0
2025-08-03T12:42:43.498937,0,0,0,0
2025-08-03T12:43:13.465758,0,0,0,0
2025-08-03T12:43:43.413139,0,0,0,0
2025-08-03T12:44:13.388171,0,0,0,0
2025-08-03T12:44:43.441014,0,0,0,0
2025-08-03T12:45:13.437645,0,0,0,0
2025-08-03T12:45:43.511787,0,0,0,0
2025-08-03T12:46:13.433957,0,0,0,0
2025-08-03T12:46:43.501699,0,0,0,0
2025-08-03T12:47:13.445224,0,0,0,0
2025-08-03T12:47:43.310838,0,0,0,0
2025-08-03T12:48:13.395219,0,0,0,0
2025-08-03T12:48:43.412333,0,0,0,0
2025-08-03T12:49:13.399158,0,0,0,0
2025-08-03T12:49:43.306455,0,0,0,0
2025-08-03T12:50:13.417612,0,0,0,0
2025-08-03T12:50:43.523147,0,0,0,0
2025-08-03T12:51:13.441834,0,0,0,0
2025-08-03T12:51:43.436005,0,0,0,0
2025-08-03T12:52:13.468544,0,0,0,0
2025-08-03T12:52:43.380929,0,0,0,0
2025-08-03T12:53:13.370924,0,0,0,0
2025-08-03T12:53:43.406994,0,0,0,0
2025-08-03T12:54:13.433822,0,0,0,0
2025-08-03T12:54:43.423738,0,0,0,0
2025-08-03T12:55:13.443055,0,0,0,0
2025-08-03T12:55:43.380817,0,0,0,0
2025-08-03T12:56:13.428146,0,0,0,0
2025-08-03T12:56:43.714926,0,0,0,0
2025-08-03T12:57:13.676626,0,0,0,0
2025-08-03T12:57:43.691460,0,0,0,0
2025-08-03T12:58:14.082521,0,0,0,0
2025-08-03T12:58:43.651623,0,0,0,0
2025-08-03T12:59:13.770608,0,0,0,0
2025-08-03T12:59:43.691233,0,0,0,0
2025-08-03T13:00:13.693152,0,0,0,0
2025-08-03T13:00:43.697548,0,0,0,0
2025-08-03T13:01:13.746700,0,0,0,0
2025-08-03T13:01:43.697611,0,0,0,0
2025-08-03T13:02:13.740250,0,0,0,0
2025-08-03T13:02:43.709584,0,0,0,0
2025-08-03T13:03:13.615950,0,0,0,0
2025-08-03T13:03:43.695090,0,0,0,0
2025-08-03T13:04:13.721982,0,0,0,0
2025-08-03T13:04:43.720421,0,0,0,0
2025-08-03T13:05:13.760996,0,0,0,0
2025-08-03T13:05:43.686473,0,0,0,0
2025-08-03T13:06:13.736113,0,0,0,0
2025-08-03T13:06:43.663712,0,0,0,0
2025-08-03T13:07:13.684238,0,0,0,0
2025-08-03T13:07:43.762572,0,0,0,0
2025-08-03T13:08:13.675529,0,0,0,0
2025-08-03T13:08:43.697791,0,0,0,0
2025-08-03T13:09:13.735217,0,0,0,0
2025-08-03T13:09:43.694154,0,0,0,0
2025-08-03T13:10:13.676099,0,0,0,0
2025-08-03T13:10:43.935116,0,0,0,0
2025-08-03T13:11:13.752403,0,0,0,0
2025-08-03T13:11:43.689817,0,0,0,0
2025-08-03T13:12:13.738035,0,0,0,0
2025-08-03T13:12:43.760034,0,0,0,0
2025-08-03T13:13:13.735427,0,0,0,0
2025-08-03T13:13:46.524340,0,0,0,0
2025-08-03T13:14:16.006458,0,0,0,0
2025-08-03T13:14:45.263590,0,0,0,0
2025-08-03T13:15:13.803955,0,0,0,0
2025-08-03T13:15:43.996235,0,0,0,0
2025-08-03T13:16:14.320343,0,0,0,0
2025-08-03T13:16:44.428999,0,0,0,0
2025-08-03T13:17:14.030497,0,0,0,0
2025-08-03T13:17:44.104722,0,0,0,0
2025-08-03T13:18:13.900487,0,0,0,0
2025-08-03T13:18:43.895547,0,0,0,0
2025-08-03T13:19:14.217129,0,0,0,0
2025-08-03T13:19:44.507963,0,0,0,0
2025-08-03T13:20:13.715400,0,0,0,0
2025-08-03T13:20:43.745663,0,0,0,0
2025-08-03T13:21:13.773489,0,0,0,0
2025-08-03T13:21:43.787312,0,0,0,0
2025-08-03T13:22:13.825104,0,0,0,0
2025-08-03T13:22:43.742929,0,0,0,0
2025-08-03T13:23:13.728795,0,0,0,0
2025-08-03T13:23:43.779076,0,0,0,0
2025-08-03T13:24:13.908112,0,0,0,0
2025-08-03T13:24:43.755617,0,0,0,0
2025-08-03T13:25:14.402086,0,0,0,0
2025-08-03T13:25:43.709091,0,0,0,0
2025-08-03T13:26:13.860320,0,0,0,0
2025-08-03T13:26:43.831687,0,0,0,0
2025-08-03T13:27:13.701612,0,0,0,0
2025-08-03T13:27:43.833131,0,0,0,0
2025-08-03T13:28:13.761067,0,0,0,0
2025-08-03T13:28:43.760257,0,0,0,0
2025-08-03T13:29:13.778125,0,0,0,0
2025-08-03T13:29:47.181876,0,0,0,0
2025-08-03T13:30:15.727688,0,0,0,0
2025-08-03T13:30:44.513337,0,0,0,0
2025-08-03T13:31:14.149629,0,0,0,0
2025-08-03T13:31:44.455501,0,0,0,0
2025-08-03T13:32:14.528767,0,0,0,0
2025-08-03T13:32:43.958331,0,0,0,0
2025-08-03T13:33:13.913530,0,0,0,0
2025-08-03T13:33:43.969923,0,0,0,0
2025-08-03T13:34:13.880021,0,0,0,0
2025-08-03T13:34:43.761359,0,0,0,0
2025-08-03T13:35:13.784466,0,0,0,0
2025-08-03T13:35:43.692910,0,0,0,0
2025-08-03T13:36:13.775763,0,0,0,0
2025-08-03T13:36:43.709632,0,0,0,0
2025-08-03T13:37:13.807647,0,0,0,0
2025-08-03T13:37:43.802208,0,0,0,0
2025-08-03T13:38:13.753935,0,0,0,0
2025-08-03T13:38:43.849367,0,0,0,0
2025-08-03T13:39:13.900030,0,0,0,0
2025-08-03T13:39:43.748377,0,0,0,0
2025-08-03T13:40:13.949552,0,0,0,0
2025-08-03T13:40:43.829026,0,0,0,0
2025-08-03T13:41:13.822116,0,0,0,0
2025-08-03T13:41:46.228691,0,0,0,0
2025-08-03T13:42:13.779121,0,0,0,0
2025-08-03T13:42:43.860717,0,0,0,0
2025-08-03T13:43:13.856935,0,0,0,0
2025-08-03T13:43:43.764845,0,0,0,0
2025-08-03T13:44:13.839370,0,0,0,0
2025-08-03T13:44:43.841082,0,0,0,0
2025-08-03T13:45:17.336565,0,0,0,0
2025-08-03T13:45:47.451996,0,0,0,0
2025-08-03T13:46:14.881414,0,0,0,0
2025-08-03T13:46:46.195669,0,0,0,0
2025-08-03T13:47:15.321051,0,0,0,0
2025-08-03T13:47:46.522253,0,0,0,0
2025-08-03T13:48:16.490115,0,0,0,0
2025-08-03T13:48:46.438836,0,0,0,0
2025-08-03T13:49:16.398161,0,0,0,0
2025-08-03T13:49:45.551252,0,0,0,0
2025-08-03T13:50:14.754308,0,0,0,0
2025-08-03T13:50:45.663463,0,0,0,0
2025-08-03T13:51:15.221847,0,0,0,0
2025-08-03T13:51:45.450894,0,0,0,0
2025-08-03T13:52:15.349503,0,0,0,0
2025-08-03T13:52:46.009495,0,0,0,0
2025-08-03T13:53:15.382650,0,0,0,0
2025-08-03T13:53:44.912834,0,0,0,0
2025-08-03T13:54:14.609038,0,0,0,0
2025-08-03T13:54:44.744805,0,0,0,0
2025-08-03T13:55:14.614713,0,0,0,0
2025-08-03T13:55:44.941617,0,0,0,0
2025-08-03T13:56:16.226752,0,0,0,0
2025-08-03T13:56:44.957432,0,0,0,0
2025-08-03T13:57:15.250952,0,0,0,0
2025-08-03T13:57:45.290897,0,0,0,0
2025-08-03T13:58:14.700143,0,0,0,0
2025-08-03T13:58:44.724753,0,0,0,0
2025-08-03T13:59:15.162082,0,0,0,0
2025-08-03T13:59:46.301551,0,0,0,0
2025-08-03T14:00:14.769301,0,0,0,0
2025-08-03T14:00:44.984917,0,0,0,0
2025-08-03T14:01:15.108381,0,0,0,0
2025-08-03T14:01:44.998841,0,0,0,0
2025-08-03T14:02:14.697232,0,0,0,0
2025-08-03T14:02:49.431606,0,0,0,0
2025-08-03T14:03:15.014825,0,0,0,0
2025-08-03T14:03:45.217186,0,0,0,0
2025-08-03T14:04:14.790793,0,0,0,0
2025-08-03T14:04:44.698410,0,0,0,0
2025-08-03T14:05:16.185480,0,0,0,0
2025-08-03T14:05:44.721789,0,0,0,0
2025-08-03T14:06:14.826704,0,0,0,0
2025-08-03T14:06:45.003919,0,0,0,0
2025-08-03T14:07:14.887228,0,0,0,0
2025-08-03T14:07:44.875333,0,0,0,0
2025-08-03T14:08:14.732449,0,0,0,0
2025-08-03T14:08:44.823108,0,0,0,0
2025-08-03T14:09:14.754345,0,0,0,0
2025-08-03T14:09:44.853036,0,0,0,0
2025-08-03T14:10:14.761714,0,0,0,0
2025-08-03T14:10:44.938736,0,0,0,0
2025-08-03T14:11:14.896284,0,0,0,0
2025-08-03T14:11:44.780964,0,0,0,0
2025-08-03T14:12:14.755410,0,0,0,0
2025-08-03T14:12:44.647353,0,0,0,0
2025-08-03T14:13:14.695754,0,0,0,0
2025-08-03T14:13:44.779089,0,0,0,0
2025-08-03T14:14:14.775324,0,0,0,0
2025-08-03T14:14:44.815690,0,0,0,0
2025-08-03T14:15:14.721039,0,0,0,0
2025-08-03T14:15:45.055065,0,0,0,0
2025-08-03T14:16:14.671788,0,0,0,0
2025-08-03T14:16:44.693761,0,0,0,0
2025-08-03T14:17:14.733987,0,0,0,0
2025-08-03T14:17:44.795531,0,0,0,0
2025-08-03T14:18:14.734831,0,0,0,0
2025-08-03T14:18:45.003634,0,0,0,0
2025-08-03T14:19:16.098867,0,0,0,0
2025-08-03T14:19:47.442659,0,0,0,0
2025-08-03T14:20:15.479184,0,0,0,0
2025-08-03T14:20:45.085424,0,0,0,0
2025-08-03T14:21:15.128254,0,0,0,0
2025-08-03T14:21:45.125745,0,0,0,0
2025-08-03T14:22:15.142733,0,0,0,0
2025-08-03T14:22:44.866962,0,0,0,0
2025-08-03T14:23:14.799146,0,0,0,0
2025-08-03T14:23:45.101653,0,0,0,0
2025-08-03T14:24:15.035088,0,0,0,0
2025-08-03T14:24:44.976246,0,0,0,0
2025-08-03T14:25:15.262847,0,0,0,0
2025-08-03T14:25:44.926205,0,0,0,0
2025-08-03T14:26:14.976478,0,0,0,0
2025-08-03T14:26:44.934866,0,0,0,0
2025-08-03T14:27:15.002105,0,0,0,0
2025-08-03T14:27:44.708663,0,0,0,0
2025-08-03T14:28:14.938567,0,0,0,0
2025-08-03T14:28:44.854775,0,0,0,0
2025-08-03T14:29:14.843291,0,0,0,0
2025-08-03T14:29:44.758168,0,0,0,0
2025-08-03T14:30:14.871339,0,0,0,0
2025-08-03T14:30:44.744669,0,0,0,0
2025-08-03T14:31:14.738737,0,0,0,0
2025-08-03T14:31:44.677604,0,0,0,0
2025-08-03T14:32:16.263171,0,0,0,0
2025-08-03T14:32:44.914957,0,0,0,0
2025-08-03T14:33:16.001886,0,0,0,0
2025-08-03T14:33:47.439914,0,0,0,0
2025-08-03T14:34:15.579640,0,0,0,0
2025-08-03T14:34:45.142654,0,0,0,0
2025-08-03T14:35:15.123751,0,0,0,0
2025-08-03T14:35:45.010131,0,0,0,0
2025-08-03T14:36:14.840823,0,0,0,0
2025-08-03T14:36:45.121058,0,0,0,0
2025-08-03T14:37:15.607944,0,0,0,0
2025-08-03T14:37:45.409846,0,0,0,0
2025-08-03T14:38:14.852101,0,0,0,0
2025-08-03T14:38:44.825665,0,0,0,0
2025-08-03T14:39:14.759546,0,0,0,0
2025-08-03T14:39:45.047452,0,0,0,0
2025-08-03T14:40:14.910070,0,0,0,0
2025-08-03T14:40:44.916754,0,0,0,0
2025-08-03T14:41:14.980873,0,0,0,0
2025-08-03T14:41:44.859101,0,0,0,0
2025-08-03T14:42:14.911486,0,0,0,0
2025-08-03T14:42:45.086486,0,0,0,0
2025-08-03T14:43:14.839487,0,0,0,0
2025-08-03T14:43:45.510404,0,0,0,0
2025-08-03T14:44:15.059210,0,0,0,0
2025-08-03T14:44:44.984459,0,0,0,0
2025-08-03T14:45:14.920055,0,0,0,0
2025-08-03T14:45:45.247791,0,0,0,0
2025-08-03T14:46:15.121382,0,0,0,0
2025-08-03T14:46:45.266753,0,0,0,0
2025-08-03T14:47:15.047116,0,0,0,0
2025-08-03T14:47:44.954352,0,0,0,0
2025-08-03T14:48:19.688975,0,0,0,0
2025-08-03T14:48:45.585374,0,0,0,0
2025-08-03T14:49:14.946085,0,0,0,0
2025-08-03T14:49:45.068638,0,0,0,0
2025-08-03T14:50:15.333515,0,0,0,0
2025-08-03T14:50:45.343433,0,0,0,0
2025-08-03T14:51:16.044074,0,0,0,0
2025-08-03T14:51:46.712402,0,0,0,0
2025-08-03T14:52:15.293868,0,0,0,0
2025-08-03T14:52:45.265843,0,0,0,0
2025-08-03T14:53:15.435423,0,0,0,0
2025-08-03T14:53:46.173580,0,0,0,0
2025-08-03T14:54:15.134629,0,0,0,0
2025-08-03T14:54:44.926037,0,0,0,0
2025-08-03T14:55:15.803389,0,0,0,0
2025-08-03T14:55:44.951786,0,0,0,0
2025-08-03T14:56:15.240996,0,0,0,0
2025-08-03T14:56:44.929611,0,0,0,0
2025-08-03T14:57:15.503438,0,0,0,0
2025-08-03T14:57:45.484975,0,0,0,0
2025-08-03T14:58:15.600028,0,0,0,0
2025-08-03T14:58:45.161495,0,0,0,0
2025-08-03T14:59:14.851229,0,0,0,0
2025-08-03T14:59:45.248512,0,0,0,0
2025-08-03T15:00:16.182437,0,0,0,0
2025-08-03T15:00:49.404208,0,0,0,0
2025-08-03T15:01:15.122301,0,0,0,0
2025-08-03T15:01:44.951446,0,0,0,0
2025-08-03T15:02:14.885970,0,0,0,0
2025-08-03T15:02:45.734630,0,0,0,0
2025-08-03T15:03:14.824580,0,0,0,0
2025-08-03T15:03:46.005646,0,0,0,0
2025-08-03T15:04:15.031069,0,0,0,0
2025-08-03T15:04:45.275038,0,0,0,0
2025-08-03T15:05:15.140038,0,0,0,0
2025-08-03T15:05:44.921336,0,0,0,0
2025-08-03T15:06:15.177011,0,0,0,0
2025-08-03T15:06:44.987620,0,0,0,0
2025-08-03T15:07:15.146764,0,0,0,0
2025-08-03T15:07:45.273826,0,0,0,0
2025-08-03T15:08:15.469077,0,0,0,0
2025-08-03T15:08:44.949700,0,0,0,0
2025-08-03T15:09:15.054899,0,0,0,0
2025-08-03T15:09:45.098906,0,0,0,0
2025-08-03T15:10:15.488120,0,0,0,0
2025-08-03T15:10:45.138096,0,0,0,0
2025-08-03T15:11:14.928127,0,0,0,0
2025-08-03T15:11:45.139846,0,0,0,0
2025-08-03T15:12:15.092647,0,0,0,0
2025-08-03T15:12:45.636890,0,0,0,0
2025-08-03T15:13:14.903177,0,0,0,0
2025-08-03T15:13:45.214453,0,0,0,0
2025-08-03T15:14:14.965196,0,0,0,0
2025-08-03T15:14:45.009292,0,0,0,0
2025-08-03T15:15:14.949974,0,0,0,0
2025-08-03T15:15:45.032933,0,0,0,0
2025-08-03T15:16:16.077752,0,0,0,0
2025-08-03T15:16:45.691162,0,0,0,0
2025-08-03T15:17:16.271993,0,0,0,0
2025-08-03T15:17:45.335088,0,0,0,0
2025-08-03T15:18:14.929693,0,0,0,0
2025-08-03T15:18:45.124911,0,0,0,0
2025-08-03T15:19:20.500712,0,0,0,0
2025-08-03T15:19:45.136721,0,0,0,0
2025-08-03T15:20:15.149258,0,0,0,0
2025-08-03T15:20:45.332826,0,0,0,0
2025-08-03T15:21:15.104483,0,0,0,0
2025-08-03T15:21:45.061447,0,0,0,0
2025-08-03T15:22:15.227462,0,0,0,0
2025-08-03T15:22:45.158742,0,0,0,0
2025-08-03T15:23:15.258630,0,0,0,0
2025-08-03T15:23:45.968708,0,0,0,0
2025-08-03T15:24:16.180413,0,0,0,0
2025-08-03T15:24:45.992232,0,0,0,0
2025-08-03T15:25:14.915710,0,0,0,0
2025-08-03T15:25:50.918355,0,0,0,0
2025-08-03T15:26:15.035782,0,0,0,0
2025-08-03T15:26:45.933545,0,0,0,0
2025-08-03T15:27:15.352306,0,0,0,0
2025-08-03T15:27:45.094344,0,0,0,0
2025-08-03T15:28:15.505167,0,0,0,0
2025-08-03T15:28:45.397075,0,0,0,0
2025-08-03T15:29:15.307471,0,0,0,0
2025-08-03T15:29:45.152036,0,0,0,0
2025-08-03T15:30:22.372394,0,0,0,0
2025-08-03T15:30:46.066893,0,0,0,0
2025-08-03T15:31:15.870357,0,0,0,0
2025-08-03T15:31:50.298305,0,0,0,0
2025-08-03T15:32:15.517532,0,0,0,0
2025-08-03T15:32:46.423348,0,0,0,0
2025-08-03T15:33:14.904511,0,0,0,0
2025-08-03T15:33:49.552796,0,0,0,0
2025-08-03T15:34:16.645201,0,0,0,0
2025-08-03T15:34:45.961014,0,0,0,0
2025-08-03T15:35:15.460475,0,0,0,0
2025-08-03T15:35:45.785909,0,0,0,0
2025-08-03T15:36:16.333429,0,0,0,0
2025-08-03T15:36:47.049195,0,0,0,0
2025-08-03T15:37:17.843548,0,0,0,0
2025-08-03T15:37:45.271416,0,0,0,0
2025-08-03T15:38:15.910126,0,0,0,0
2025-08-03T15:38:45.676318,0,0,0,0
2025-08-03T15:39:15.256301,0,0,0,0
2025-08-03T15:39:45.366056,0,0,0,0
2025-08-03T15:40:15.282504,0,0,0,0
2025-08-03T15:40:45.538682,0,0,0,0
2025-08-03T15:41:15.711052,0,0,0,0
2025-08-03T15:41:47.790049,0,0,0,0
2025-08-03T15:42:15.063206,0,0,0,0
2025-08-03T15:42:45.078321,0,0,0,0
2025-08-03T15:43:15.167942,0,0,0,0
2025-08-03T15:43:45.345401,0,0,0,0
2025-08-03T15:44:21.025696,0,0,0,0
2025-08-03T15:44:47.531116,0,0,0,0
2025-08-03T15:45:15.905603,0,0,0,0
2025-08-03T15:45:48.714091,0,0,0,0
2025-08-03T15:46:16.733464,0,0,0,0
2025-08-03T15:46:45.706559,0,0,0,0
2025-08-03T15:47:17.171787,0,0,0,0
2025-08-03T15:47:45.507015,0,0,0,0
2025-08-03T15:48:21.167526,0,0,0,0
2025-08-03T15:48:45.485301,0,0,0,0
2025-08-03T15:49:16.135116,0,0,0,0
2025-08-03T15:49:46.987510,0,0,0,0
2025-08-03T15:50:15.840380,0,0,0,0
2025-08-03T15:50:49.027916,0,0,0,0
2025-08-03T15:51:15.239811,0,0,0,0
2025-08-03T15:51:46.930658,0,0,0,0
2025-08-03T15:52:16.604625,0,0,0,0
2025-08-03T15:52:51.715711,0,0,0,0
2025-08-03T15:53:21.615259,0,0,0,0
                                    2025-08-04T04:30:34.382392,0,0,2,0
2025-08-04T04:30:34.414897,0,0,2,0
2025-08-04T04:30:36.760793,0,0,2,0
2025-08-04T04:30:36.775407,0,0,2,0
2025-08-04T04:30:39.202003,0,0,2,0
2025-08-04T04:30:39.202197,0,0,2,0
2025-08-04T04:31:03.439408,0,0,2,0
2025-08-04T04:31:05.756529,0,0,2,0
2025-08-04T04:31:08.108724,0,0,2,0
2025-08-04T04:31:33.573103,0,0,2,0
2025-08-04T04:31:36.781192,0,0,2,0
2025-08-04T04:31:39.086315,0,0,2,0
2025-08-04T04:32:03.552611,0,0,2,0
2025-08-04T04:32:06.855033,0,0,2,0
2025-08-04T04:32:09.122131,0,0,2,0
2025-08-04T04:32:33.552168,0,0,2,0
2025-08-04T04:33:03.523167,0,0,2,0
2025-08-04T04:33:33.528128,0,0,2,0
2025-08-04T04:34:03.560166,0,0,2,0
2025-08-04T04:34:33.592235,0,0,2,0
2025-08-04T04:35:03.552576,0,0,2,0
2025-08-04T04:35:33.570691,0,0,2,0
2025-08-04T04:36:03.534799,0,0,2,0
2025-08-04T04:36:33.537623,0,0,2,0
2025-08-04T04:37:03.541491,0,0,2,0
2025-08-04T04:37:33.612906,0,0,2,0
2025-08-04T04:38:03.591325,0,0,2,0
2025-08-04T04:38:33.699607,0,0,2,0
2025-08-04T04:39:03.639688,0,0,2,0
2025-08-04T04:39:34.084931,0,0,2,0
2025-08-04T04:40:04.097345,0,0,2,0
2025-08-04T04:40:34.066311,0,0,2,0
2025-08-04T04:41:04.453696,0,0,2,0
2025-08-04T04:41:34.544712,0,0,2,0
2025-08-04T04:41:42.168119,0,0,2,0
2025-08-04T04:42:04.607081,0,0,2,0
2025-08-04T04:42:34.893851,0,0,2,0
2025-08-04T04:43:04.891654,0,0,2,0
2025-08-04T04:43:34.884457,0,0,2,0
2025-08-04T04:44:05.017622,0,0,4,0
2025-08-04T04:44:35.181810,0,0,4,0
2025-08-04T04:45:05.190302,0,0,4,0
2025-08-04T04:45:35.452912,0,0,4,0
2025-08-04T04:46:05.320490,0,0,4,0
2025-08-04T04:46:35.491888,0,0,4,0
2025-08-04T04:47:05.581552,0,0,4,0
2025-08-04T04:47:35.652941,0,0,4,0
2025-08-04T04:48:05.624574,0,0,4,0
2025-08-04T04:48:35.780541,0,0,4,0
2025-08-04T04:49:05.899197,0,0,4,0
2025-08-04T04:49:35.942273,0,0,4,0
2025-08-04T04:50:06.120424,0,0,4,0
2025-08-04T04:50:36.233934,0,0,4,0
2025-08-04T04:51:07.124964,0,0,4,0
2025-08-04T04:51:36.188611,0,0,4,0
2025-08-04T04:52:06.248302,0,0,4,0
2025-08-04T04:52:36.505474,0,0,4,0
2025-08-04T04:53:06.365321,0,0,4,0
2025-08-04T04:53:36.490517,0,0,4,0
2025-08-04T04:54:06.500532,0,0,4,0
2025-08-04T04:54:36.642296,0,0,0,0
2025-08-04T04:55:06.663979,0,0,0,0
2025-08-04T04:55:36.633393,0,0,0,0
2025-08-04T04:56:06.707277,0,0,3,0
2025-08-04T04:56:36.777610,0,0,3661,0
2025-08-04T04:57:06.919435,0,0,13101,0
2025-08-04T04:57:36.898728,0,0,19608,0
2025-08-04T04:58:06.921959,0,591,19988,1
2025-08-04T04:58:36.967200,132,841,20239,1
2025-08-04T04:59:07.139172,0,3719,22070,1
2025-08-04T04:59:37.168992,0,7338,23670,1
2025-08-04T05:00:07.182020,0,7766,24101,1
2025-08-04T05:00:37.200641,0,10401,25840,1
2025-08-04T05:01:07.432247,0,11661,26518,1
2025-08-04T05:01:37.236934,0,13372,27792,1
2025-08-04T05:02:07.221532,0,16986,29787,1
2025-08-04T05:02:37.164247,0,23676,34131,1
2025-08-04T05:03:07.169604,0,27062,35645,1
2025-08-04T05:03:37.175786,0,27452,36098,1
2025-08-04T05:04:07.155946,0,32120,37902,1
2025-08-04T05:04:37.230594,66,34656,38916,1
2025-08-04T05:05:07.184909,0,35579,39561,1
2025-08-04T05:05:37.147359,0,35797,39758,1
2025-08-04T05:06:07.162081,0,36903,40472,1
2025-08-04T05:06:37.155413,0,38542,41285,1
2025-08-04T05:07:07.194654,0,40199,42112,1
2025-08-04T05:07:37.213449,0,40473,42409,1
2025-08-04T05:08:07.147692,0,40952,42894,1
2025-08-04T05:08:37.170410,0,41203,43182,1
2025-08-04T05:09:07.190624,0,48957,46084,1
2025-08-04T05:09:37.291407,0,51526,47110,1
2025-08-04T05:10:07.504686,0,52076,47730,1
2025-08-04T05:10:37.377116,0,52470,48023,1
2025-08-04T05:11:07.406688,0,53105,48464,1
2025-08-04T05:11:37.413291,0,53148,48578,1
2025-08-04T05:12:07.174665,0,53600,48898,1
2025-08-04T05:12:37.366320,0,57659,50581,1
2025-08-04T05:13:07.189796,0,58528,51356,1
2025-08-04T05:13:37.182433,0,58758,51542,1
2025-08-04T05:14:07.154291,0,66953,53836,1
2025-08-04T05:14:40.490762,0,67521,54234,1
2025-08-04T05:15:07.153407,0,71107,55826,1
2025-08-04T05:15:37.185287,0,72916,56592,1
2025-08-04T05:16:07.260275,0,73912,57216,1
2025-08-04T05:16:37.410583,0,74397,57651,1
2025-08-04T05:17:08.074144,66,85606,61386,1
2025-08-04T05:17:37.178734,0,104780,68451,1
2025-08-04T05:18:07.187737,0,104842,68544,1
2025-08-04T05:18:37.235082,0,105644,69136,1
2025-08-04T05:19:07.211668,0,106865,69970,1
2025-08-04T05:19:37.193101,0,109406,71098,1
2025-08-04T05:20:07.161273,0,117289,73860,1
2025-08-04T05:20:37.169863,0,118028,74366,1
2025-08-04T05:21:07.156957,0,118951,74804,1
2025-08-04T05:21:37.156053,0,121091,75656,1
2025-08-04T05:22:07.196538,0,122049,76083,1
2025-08-04T05:22:37.167920,0,129858,79215,1
2025-08-04T05:23:07.160919,0,133115,80455,1
2025-08-04T05:23:37.168449,0,133237,80563,1
2025-08-04T05:24:07.195161,0,135319,81368,1
2025-08-04T05:24:37.171876,0,137589,82187,1
2025-08-04T05:25:07.150985,0,138754,82759,1
2025-08-04T05:25:37.172451,0,141733,83920,1
2025-08-04T05:26:07.166727,0,142202,84334,1
2025-08-04T05:26:37.497562,0,142587,84542,1
2025-08-04T05:27:07.522578,0,143688,85277,1
2025-08-04T05:27:37.270713,0,144100,85418,1
2025-08-04T05:28:07.262840,0,145555,86078,1
2025-08-04T05:28:37.864267,0,147630,87095,1
2025-08-04T05:29:07.384640,0,154499,89426,1
2025-08-04T05:29:37.421184,0,156356,90430,1
2025-08-04T05:30:07.398075,0,156964,90962,1
2025-08-04T05:30:37.704027,0,160117,92190,1
2025-08-04T05:31:07.519505,0,160320,92344,1
2025-08-04T05:31:37.770615,66,164033,93907,1
2025-08-04T05:32:07.545042,0,166729,95047,1
2025-08-04T05:32:37.687062,0,171733,97370,1
2025-08-04T05:33:07.687274,0,180430,100179,1
2025-08-04T05:33:37.694975,0,180598,100320,1
2025-08-04T05:34:07.786875,132,187340,102514,1
2025-08-04T05:34:37.834761,0,189537,103401,1
2025-08-04T05:35:07.829458,0,190873,104080,1
2025-08-04T05:35:39.513687,0,198025,106728,1
2025-08-04T05:36:07.862356,0,198028,106737,1
2025-08-04T05:36:37.925593,0,201362,108016,1
2025-08-04T05:37:07.919668,0,205139,109466,1
2025-08-04T05:37:37.958905,0,205918,109813,1
2025-08-04T05:38:07.945687,0,211523,111675,1
2025-08-04T05:38:38.141143,0,213413,112515,1
2025-08-04T05:39:08.108020,132,217547,114213,1
2025-08-04T05:39:38.172154,0,221465,115623,1
2025-08-04T05:40:08.107389,0,222087,115963,1
2025-08-04T05:40:38.223555,0,228630,118493,1
2025-08-04T05:41:08.173027,0,230663,119419,1
2025-08-04T05:41:38.173647,0,234588,121091,1
2025-08-04T05:42:08.193591,0,234932,121376,1
2025-08-04T05:42:38.319806,132,239756,123541,1
2025-08-04T05:43:08.313496,0,239893,123747,1
2025-08-04T05:43:38.346617,0,240927,124384,1
2025-08-04T05:44:08.302780,0,245266,126431,1
2025-08-04T05:44:38.708929,0,247287,127504,1
2025-08-04T05:45:08.436597,0,247577,127715,1
2025-08-04T05:45:38.433148,0,248786,128288,1
2025-08-04T05:46:08.447287,0,252369,129861,1
2025-08-04T05:46:38.567816,0,252698,130082,1
2025-08-04T05:47:08.601529,0,256499,131698,1
2025-08-04T05:47:38.606131,0,270035,136827,1
2025-08-04T05:48:08.597875,0,270079,136873,1
2025-08-04T05:48:38.695303,0,270285,137072,1
2025-08-04T05:49:08.755949,0,271519,137809,1
2025-08-04T05:49:38.733512,0,273240,138722,1
2025-08-04T05:50:08.715958,0,274085,139213,1
2025-08-04T05:50:38.862367,0,279978,141380,1
2025-08-04T05:51:09.090587,66,282651,142433,1
2025-08-04T05:51:38.875683,0,282903,142591,1
2025-08-04T05:52:08.830720,0,284416,143425,1
2025-08-04T05:52:39.697627,0,285000,143850,1
2025-08-04T05:53:08.933507,0,287384,144932,1
2025-08-04T05:53:38.973708,0,290181,146263,1
2025-08-04T05:54:08.964899,0,295142,148045,1
2025-08-04T05:54:39.071981,0,297157,148954,1
2025-08-04T05:55:09.375802,66,298624,150091,1
2025-08-04T05:55:39.072494,0,301694,151562,1
2025-08-04T05:56:09.988846,132,302496,152217,1
2025-08-04T05:56:39.342299,0,307658,154641,1
2025-08-04T05:57:09.199208,0,309066,155290,1
2025-08-04T05:57:39.479108,66,311971,156715,1
2025-08-04T05:58:09.463358,0,316777,158595,1
2025-08-04T05:58:39.346316,0,317360,158950,1
2025-08-04T05:59:09.349699,0,317743,159245,1
2025-08-04T05:59:39.411778,132,326248,162641,1
2025-08-04T06:00:09.325757,0,326383,162897,1
2025-08-04T06:00:39.453541,0,327436,163463,1
2025-08-04T06:01:09.478167,0,330288,164822,1
2025-08-04T06:01:39.458987,0,331474,165380,1
2025-08-04T06:02:09.513800,66,333505,166530,1
2025-08-04T06:02:39.560103,0,335839,167825,1
2025-08-04T06:03:10.036038,0,337183,168615,1
2025-08-04T06:03:39.555864,0,341635,170426,1
2025-08-04T06:04:09.660188,0,342399,171235,1
2025-08-04T06:04:39.778945,0,343563,172006,1
2025-08-04T06:05:09.996073,66,354338,176747,1
2025-08-04T06:05:39.767756,0,357582,178403,1
2025-08-04T06:06:10.013600,66,359598,179400,1
2025-08-04T06:06:39.843184,0,364493,181426,1
2025-08-04T06:07:10.087585,0,365562,182079,1
2025-08-04T06:07:40.112187,132,366632,182524,1
2025-08-04T06:08:09.803841,0,367514,182967,1
2025-08-04T06:08:39.946378,0,369788,184006,1
2025-08-04T06:09:09.938506,0,372425,185196,1
2025-08-04T06:09:39.942554,0,372860,185635,1
2025-08-04T06:10:09.952000,0,373932,186381,1
2025-08-04T06:10:40.066459,0,377434,187935,1
2025-08-04T06:11:10.367169,66,380608,189135,1
2025-08-04T06:11:40.075789,0,381661,189699,1
2025-08-04T06:12:10.137640,0,383419,190466,1
2025-08-04T06:12:40.688911,132,385556,191548,1
2025-08-04T06:13:10.226335,0,385761,191734,1
2025-08-04T06:13:40.250553,66,389715,193236,1
2025-08-04T06:14:10.264013,0,392485,194797,1
2025-08-04T06:14:40.311634,0,395711,196314,1
2025-08-04T06:15:11.248134,0,397690,197500,1
2025-08-04T06:15:40.723680,0,398265,197988,1
2025-08-04T06:16:10.520444,0,398318,198251,1
2025-08-04T06:16:40.570974,66,399020,198930,1
2025-08-04T06:17:10.484738,0,399735,199406,1
2025-08-04T06:17:40.757297,66,400115,199662,1
2025-08-04T06:18:10.489483,0,405803,202190,1
2025-08-04T06:18:40.549423,0,406217,202534,1
2025-08-04T06:19:10.575017,0,406542,202810,1
2025-08-04T06:19:40.932439,0,409419,204374,1
2025-08-04T06:20:10.611497,132,409822,204798,1
2025-08-04T06:20:40.688299,0,414250,206608,1
2025-08-04T06:21:10.716650,0,417798,208663,1
2025-08-04T06:21:40.721644,0,419155,209427,1
2025-08-04T06:22:10.969718,66,421076,210894,1
2025-08-04T06:22:40.803010,0,421351,211234,1
2025-08-04T06:23:10.802589,0,422108,211736,1
2025-08-04T06:23:40.879716,0,428555,214340,1
2025-08-04T06:24:10.802646,0,437939,218357,1
2025-08-04T06:24:41.180540,0,439830,219292,1
2025-08-04T06:25:10.909748,0,440043,219511,1
2025-08-04T06:25:40.913381,0,441401,220318,1
2025-08-04T06:26:10.984627,132,442695,221124,1
2025-08-04T06:26:41.040739,0,444646,222223,1
2025-08-04T06:27:11.061765,0,446535,223085,1
2025-08-04T06:27:41.172211,0,450428,225022,1
2025-08-04T06:28:11.088365,0,452116,225928,1
2025-08-04T06:28:41.929596,0,453799,226848,1
2025-08-04T06:29:11.522194,0,457018,228371,1
2025-08-04T06:29:41.304164,132,457444,228883,1
2025-08-04T06:30:11.185428,0,460799,230790,1
2025-08-04T06:30:41.432476,0,461036,231025,1
2025-08-04T06:31:11.356976,0,461245,231251,1
2025-08-04T06:31:41.460499,132,462453,232088,1
2025-08-04T06:32:11.332652,0,464087,233459,1
2025-08-04T06:32:42.131956,0,466735,235600,1
2025-08-04T06:33:11.457911,0,467065,236001,1
2025-08-04T06:33:41.428227,0,467560,236381,1
2025-08-04T06:34:11.445413,0,468307,236998,1
2025-08-04T06:34:41.590490,0,469474,237846,1
2025-08-04T06:35:11.894808,0,473104,240259,1
2025-08-04T06:35:41.825845,0,474180,241148,1
2025-08-04T06:36:11.858804,0,474914,241988,1
2025-08-04T06:36:41.705202,0,475367,242657,1
2025-08-04T06:37:11.726660,0,478059,244435,1
2025-08-04T06:37:41.973026,66,479769,245743,1
2025-08-04T06:38:11.672314,0,480119,246067,1
2025-08-04T06:38:42.086091,132,481046,246845,1
2025-08-04T06:39:11.777030,0,482366,247415,1
2025-08-04T06:39:42.096640,0,483779,248316,1
2025-08-04T06:40:11.810839,0,489612,251012,1
2025-08-04T06:40:42.177110,0,494072,253257,1
2025-08-04T06:41:11.969340,0,494661,253749,1
2025-08-04T06:41:41.894602,0,496083,254673,1
2025-08-04T06:42:11.913219,0,500884,256563,1
2025-08-04T06:42:42.018706,0,501656,257091,1
2025-08-04T06:43:12.108860,0,502166,257573,1
2025-08-04T06:43:42.013888,0,503715,258397,1
2025-08-04T06:44:12.032420,0,504455,258994,1
2025-08-04T06:44:42.153087,0,506215,259977,1
2025-08-04T06:45:12.285571,66,506478,260214,1
2025-08-04T06:45:42.170252,0,513836,263222,1
2025-08-04T06:46:12.151920,0,514211,263549,1
2025-08-04T06:46:42.265696,0,519369,265647,1
2025-08-04T06:47:12.292449,0,521217,267193,1
2025-08-04T06:47:42.298897,0,521789,267757,1
2025-08-04T06:48:12.281600,0,523332,268978,1
2025-08-04T06:48:42.726436,132,525230,270281,1
2025-08-04T06:49:12.454569,0,526011,270998,1
2025-08-04T06:49:42.461481,0,526948,271910,1
2025-08-04T06:50:12.427404,0,527472,272381,1
2025-08-04T06:50:42.589780,0,528563,273367,1
2025-08-04T06:51:12.674369,0,529522,274240,1
2025-08-04T06:51:42.580294,0,530601,275127,1
2025-08-04T06:52:12.538994,0,532435,276128,1
2025-08-04T06:52:42.626066,0,533368,277055,1
2025-08-04T06:53:12.689668,0,534922,278015,1
2025-08-04T06:53:42.678457,0,535743,278746,1
2025-08-04T06:54:12.692124,0,537005,279897,1
2025-08-04T06:54:42.721570,0,538265,281045,1
2025-08-04T06:55:12.732087,0,540424,282393,1
2025-08-04T06:55:43.156972,0,541265,282997,1
2025-08-04T06:56:12.724192,0,541990,283754,1
2025-08-04T06:56:42.855545,0,542404,284164,1
2025-08-04T06:57:13.377052,66,542795,284638,1
2025-08-04T06:57:43.321731,0,543762,285519,1
2025-08-04T06:58:13.066634,0,544176,285926,1
2025-08-04T06:58:42.980486,0,544631,286355,1
2025-08-04T06:59:13.922129,66,548256,289534,1
2025-08-04T06:59:43.070300,66,549844,290803,1
2025-08-04T07:00:13.597543,66,552071,292441,1
2025-08-04T07:00:43.639712,132,552583,293184,1
2025-08-04T07:01:13.607439,132,554436,294861,1
2025-08-04T07:01:43.096694,0,555866,296016,1
2025-08-04T07:02:13.155862,0,558296,297642,1
2025-08-04T07:02:43.244490,0,559879,299047,1
2025-08-04T07:03:13.296907,0,560195,299379,1
2025-08-04T07:03:43.252533,0,567285,303261,1
2025-08-04T07:04:13.336482,0,567548,303583,1
2025-08-04T07:04:43.417257,0,568444,304363,1
2025-08-04T07:05:13.479077,0,569556,305287,1
2025-08-04T07:05:43.476795,0,571133,306825,1
2025-08-04T07:06:13.437487,0,571707,307317,1
2025-08-04T07:06:43.729768,0,572365,308004,1
2025-08-04T07:07:13.702883,132,573046,308638,1
2025-08-04T07:07:43.583042,66,574638,309674,1
2025-08-04T07:08:13.565783,0,576084,310579,1
2025-08-04T07:08:43.806858,0,576950,311468,1
2025-08-04T07:09:13.666208,0,577665,312084,1
2025-08-04T07:09:43.770856,0,578114,312672,1
2025-08-04T07:10:13.968397,66,578676,313166,1
2025-08-04T07:10:43.761776,0,579122,313581,1
2025-08-04T07:11:14.061950,0,580142,314730,1
2025-08-04T07:11:43.751455,0,580809,315399,1
2025-08-04T07:12:13.709711,0,581029,315707,1
2025-08-04T07:12:44.163871,0,584284,318577,1
2025-08-04T07:13:13.893939,0,584461,318833,1
2025-08-04T07:13:43.829331,0,585917,320021,1
2025-08-04T07:14:13.861876,0,586854,320832,1
2025-08-04T07:14:44.112678,0,587788,321635,1
2025-08-04T07:15:14.101250,0,588429,322472,1
2025-08-04T07:15:44.129017,66,588640,322818,1
2025-08-04T07:16:14.101772,0,589094,323314,1
2025-08-04T07:16:44.219137,0,590362,324639,1
2025-08-04T07:17:14.213413,0,590824,325165,1
2025-08-04T07:17:44.382777,132,592082,326379,1
2025-08-04T07:18:14.066472,0,593121,327335,1
2025-08-04T07:18:44.617635,0,594059,328424,1
2025-08-04T08:20:12.770177,0,9947302,2062972,1
2025-08-04T08:20:12.891727,0,9947302,2062972,1
2025-08-04T08:20:12.910704,0,9947302,2062972,1
2025-08-04T08:20:14.554757,0,9947365,2063103,1
2025-08-04T08:20:26.943072,684,9953499,2064966,1
2025-08-04T08:20:27.187761,342,9953635,2064994,1
2025-08-04T08:25:05.147554,42,11295263,2246036,1
2025-08-04T08:25:10.045369,684,11342019,2249185,1
2025-08-04T08:25:16.534923,0,11405922,2254313,1
2025-08-04T08:25:23.604962,408,11467433,2258314,1
2025-08-04T08:25:23.758536,684,11477878,2258935,1
2025-08-04T08:25:24.810839,84,11457617,2257676,1
2025-08-04T08:25:39.024406,384,11626182,2269519,1
2025-08-04T08:25:57.593195,84,11832977,2285751,1
2025-08-04T08:26:10.458595,684,11992354,2295819,1
2025-08-04T08:26:12.250756,42,11982469,2295193,1
2025-08-04T08:26:23.156121,684,11804060,2283336,1
2025-08-04T08:26:53.523630,0,12569455,2331615,1
2025-08-04T08:27:46.379518,384,13316575,2375468,1
2025-08-04T08:27:47.387329,0,13376443,2378945,1
2025-08-04T08:28:54.644022,0,14392516,2442472,1
2025-08-04T08:29:12.065870,0,14661280,2460380,1
2025-08-04T08:29:30.233908,42,14865298,2473256,1
2025-08-04T08:29:40.038388,42,13472001,2384101,1
2025-08-04T08:30:02.186973,0,14444087,2446753,1
2025-08-04T08:30:25.155854,84,15711544,2527472,1
2025-08-04T08:30:28.227944,54,15771003,2531208,1
2025-08-04T08:30:32.135767,0,15837963,2535413,1
2025-08-04T08:30:33.843538,108,14207122,2431253,1
2025-08-04T08:31:53.811581,84,17045327,2610514,1
2025-08-04T08:33:07.193177,0,17884160,2668321,1
2025-08-04T08:34:07.412150,684,18489035,2714395,1
2025-08-04T08:34:21.664135,342,18634927,2725090,1
2025-08-04T08:35:59.358619,342,19559512,2800366,1
2025-08-04T08:36:10.607270,0,19402690,2787761,1
2025-08-04T08:36:45.647665,0,19995037,2835740,1
2025-08-04T08:37:06.640904,684,19671884,2808958,1
2025-08-04T08:37:07.884401,84,20222920,2855291,1
2025-08-04T08:37:10.229247,384,20248581,2857241,1
2025-08-04T08:37:37.961240,84,20512891,2880452,1
2025-08-04T08:38:27.544513,342,20968001,2921628,1
2025-08-04T08:38:37.722067,684,21067272,2930748,1
2025-08-04T08:39:16.623637,84,21394262,2962865,1
2025-08-04T08:39:17.585983,384,21397850,2963175,1
2025-08-04T08:39:51.007872,42,21211881,2945005,1
2025-08-04T08:41:34.540805,0,22428705,3070332,1
2025-08-04T08:42:53.235390,384,22961026,3129451,1
2025-08-04T08:42:55.649016,42,22976823,3131155,1
2025-08-04T08:43:06.329262,684,22944875,3127668,1
2025-08-04T08:43:10.894682,0,23040369,3138157,1
2025-08-04T08:43:40.004653,84,23246653,3162292,1
2025-08-04T08:43:49.201931,84,23317991,3171172,1
2025-08-04T08:44:58.108775,84,23741204,3222457,1
2025-08-04T08:47:17.631365,84,24572146,3322218,1
2025-08-04T08:47:19.873652,342,24577649,3322969,1
2025-08-04T08:57:40.424164,84,24744679,3344145,1
2025-08-04T08:59:31.844746,42,24663218,3333600,1
2025-08-04T09:02:55.231224,0,27178472,3718237,1
2025-08-04T09:04:12.765324,384,28420698,3953914,1
2025-08-04T09:05:00.067662,684,28541838,3980199,1
2025-08-04T09:12:00.841781,342,29733047,4212439,1
2025-08-04T09:13:27.392451,0,30079683,4266980,1
2025-08-04T09:28:30.851164,384,33532327,4834173,1
2025-08-04T09:29:58.836980,342,33764543,4884627,1
2025-08-04T09:30:21.742189,84,33810701,4894887,1
2025-08-04T09:30:25.824415,0,33695754,4869422,1
2025-08-04T09:40:26.537599,84,35630275,5238614,1
2025-08-04T10:15:02.329727,384,42858204,6455922,1
2025-08-04T10:35:04.612666,342,47529970,7203514,1
2025-08-04T10:41:52.216724,0,49235593,7459672,1
2025-08-04T10:42:17.166770,342,49446248,7491935,1
2025-08-04T10:43:05.096046,384,48702838,7379243,1
2025-08-04T10:43:43.299708,0,49757913,7542466,1
2025-08-04T10:47:31.469288,0,50631864,7680480,1
2025-08-04T10:55:08.475260,42,52378186,7964079,1
2025-08-04T10:55:16.389587,684,52447509,7976523,1
2025-08-04T11:05:09.061873,0,54109638,8286768,1
2025-08-04T11:06:28.155454,342,54310460,8331091,1
2025-08-04T11:10:34.214106,384,54120230,8289125,1
2025-08-04T11:10:35.647965,42,54875710,8447131,1
2025-08-04T11:35:39.814930,0,58784862,9204675,1
2025-08-04T11:36:08.537466,42,58838229,9217154,1
2025-08-04T11:41:07.477980,42,59249535,9315620,1
2025-08-04T11:42:57.702485,0,59417213,9360999,1
2025-08-04T11:43:25.126617,0,59442200,9367496,1
2025-08-04T11:46:05.930511,84,59371404,9348283,1
2025-08-04T11:46:50.415804,0,59670045,9430377,1
2025-08-04T11:50:48.472242,42,59924723,9502075,1
2025-08-04T11:51:58.043024,0,60003257,9523805,1
2025-08-04T11:53:42.978041,220,60103378,9551524,1
2025-08-04T11:54:37.459459,0,60159850,9567884,1
2025-08-04T11:55:23.855981,0,60203809,9580921,1
2025-08-04T11:58:43.167513,0,60403053,9637099,1
2025-08-04T13:02:54.051654,684,72105787,11694292,1
2025-08-04T13:56:15.617235,84,82417920,13487334,1
2025-08-04T13:58:45.771064,0,83013944,13577436,1
2025-08-04T14:00:44.828321,384,83636514,13670908,1
2025-08-04T14:10:01.294707,42,86159395,14036739,1
2025-08-04T16:46:15.079424,0,119142619,19681091,1
2025-08-04T16:48:22.156664,342,119314966,19724117,1
2025-08-04T17:27:22.274318,0,126722677,21059359,1
2025-08-06T09:26:55.135781,0,0,0,0
2025-08-06T09:27:14.234516,0,0,0,0
2025-08-06T09:27:44.257467,0,0,0,0
2025-08-06T09:28:14.235062,0,0,0,0
2025-08-06T09:28:44.369076,0,0,0,0
2025-08-06T09:29:14.285458,0,0,0,0
2025-08-06T09:29:44.303002,0,0,0,0
2025-08-06T09:30:14.297053,0,0,0,0
2025-08-06T09:30:44.286729,0,0,0,0
2025-08-06T09:31:14.333713,0,0,0,0
2025-08-06T09:31:44.289238,0,0,0,0
2025-08-06T09:32:14.302610,0,0,0,0
2025-08-06T09:32:44.370482,0,0,0,0
2025-08-06T09:33:14.290832,0,0,0,0
2025-08-06T09:33:44.626504,0,0,0,0
2025-08-06T09:33:54.515114,0,0,0,0
2025-08-06T09:33:54.595523,0,0,0,0
2025-08-06T09:34:26.269764,0,0,0,0
2025-08-06T09:34:56.871192,0,0,0,0
2025-08-06T09:35:26.856404,0,0,0,0
2025-08-06T09:35:56.841955,0,0,0,0
2025-08-06T09:36:26.869613,0,0,0,0
2025-08-06T09:36:56.938455,0,0,0,0
2025-08-06T09:37:27.041038,0,0,0,0
2025-08-06T09:37:56.936834,0,0,0,0
2025-08-06T09:38:27.034662,0,0,0,0
2025-08-06T09:38:56.879992,0,0,0,0
2025-08-06T09:39:26.951509,0,0,0,0
2025-08-06T09:39:56.919659,0,0,0,0
2025-08-06T09:40:26.870447,0,0,0,0
2025-08-06T09:40:56.861996,0,0,0,0
2025-08-06T09:41:26.957229,0,0,0,0
2025-08-06T09:41:51.781835,0,0,0,0
2025-08-06T09:41:51.890744,0,0,0,0
2025-08-06T09:42:23.284925,0,0,0,0
2025-08-06T09:42:53.317578,0,0,0,0
2025-08-06T09:43:23.232512,0,0,0,0
2025-08-06T09:43:53.222318,0,0,0,0
2025-08-06T09:44:23.215910,0,0,0,0
2025-08-06T09:44:53.197222,0,0,0,0
2025-08-06T09:45:23.165207,0,0,0,0
2025-08-06T09:45:53.160413,0,0,0,0
2025-08-06T09:46:23.230448,0,0,0,0
2025-08-06T09:46:53.194373,0,0,0,0
2025-08-06T09:47:23.155053,0,0,0,0
2025-08-06T09:47:53.203467,0,0,0,0
2025-08-06T09:48:23.209491,0,0,0,0
2025-08-06T09:48:53.226181,0,0,0,0
2025-08-06T09:49:23.269503,0,0,0,0
2025-08-06T09:49:53.354453,0,0,0,0
2025-08-06T09:50:23.245050,0,0,0,0
2025-08-06T09:50:53.218521,0,0,0,0
2025-08-06T09:51:26.426957,0,0,0,0
2025-08-06T09:51:56.443376,0,0,0,0
2025-08-06T09:52:26.469379,0,0,0,0
2025-08-06T09:52:56.478197,0,0,0,0
2025-08-06T09:53:26.480525,0,0,0,0
2025-08-06T09:53:56.583373,0,0,0,0
2025-08-06T09:54:27.397029,245,2,6,0
2025-08-06T09:54:58.187268,1098,691,11,1
2025-08-06T09:55:27.409498,244,702,16,1
2025-08-06T09:55:59.027077,330,899,21,1
2025-08-06T09:56:28.944664,442,1328,26,1
2025-08-06T09:56:58.983674,442,1892,31,1
2025-08-06T09:57:37.817003,178,2566,37,1
2025-08-06T09:57:39.494872,178,2566,37,1
2025-08-06T09:58:02.573343,323,3205,42,1
2025-08-06T09:58:32.588734,178,3819,47,1
2025-08-06T09:59:07.510748,178,4326,47,1
2025-08-06T09:59:09.653660,178,4326,50,1
2025-08-06T09:59:32.885829,531,4807,54,1
2025-08-06T10:00:07.825238,178,5418,58,1
2025-08-06T10:00:09.584868,178,5418,58,1
2025-08-06T10:00:30.285148,178,5712,62,1
2025-08-06T10:01:02.798941,245,6504,66,1
2025-08-06T10:01:28.068143,376,6692,66,1
2025-08-06T10:01:57.664087,822,6698,66,1
2025-08-06T10:02:30.436658,330,7073,70,1
2025-08-06T10:03:08.039807,178,8062,74,1
2025-08-06T10:03:09.794539,178,8062,74,1
2025-08-06T10:03:32.818687,178,8612,78,1
2025-08-06T10:04:00.341017,178,9011,82,1
2025-08-06T10:04:28.537407,442,9488,86,1
2025-08-06T10:05:02.836409,442,10054,89,1
2025-08-06T10:05:28.366442,442,10604,92,1
2025-08-06T10:06:02.821495,178,11976,96,1
2025-08-06T10:06:30.348818,310,12346,100,1
2025-08-06T10:07:02.855038,178,13409,104,1
2025-08-06T10:07:40.016032,178,13919,108,1
2025-08-06T10:07:41.534480,178,13919,108,1
2025-08-06T10:08:02.248742,378,13920,112,1
2025-08-06T10:08:39.816049,178,15249,116,1
2025-08-06T10:08:41.690323,178,15249,116,1
2025-08-06T10:08:59.647218,178,15250,120,1
2025-08-06T10:09:35.025409,966,15832,120,1
2025-08-06T10:10:04.752786,178,17486,124,1
2025-08-06T10:10:39.937083,378,17489,128,1
2025-08-06T10:10:41.618854,178,18097,128,1
2025-08-06T10:11:04.757809,442,18120,132,1
2025-08-06T10:11:34.786804,378,18716,137,1
2025-08-06T10:12:04.756423,178,19998,141,1
2025-08-06T10:12:32.764723,310,20433,145,1
2025-08-06T10:13:04.774121,323,21222,149,1
2025-08-06T10:13:32.301946,256,21583,153,1
2025-08-06T10:14:10.239284,244,22444,157,1
2025-08-06T10:14:11.735095,244,22444,160,1
2025-08-06T10:14:34.688200,178,23207,164,1
2025-08-06T10:15:01.317109,442,23495,168,1
2025-08-06T10:15:35.107123,444,23890,168,1
2025-08-06T10:16:06.117108,240,24968,172,1
